<?xml version="1.0" encoding="UTF-8"?>
<project-private xmlns="http://www.netbeans.org/ns/project-private/1">
    <editor-bookmarks xmlns="http://www.netbeans.org/ns/editor-bookmarks/2" lastBookmarkId="0"/>
    <open-files xmlns="http://www.netbeans.org/ns/projectui-open-files/2">
        <group>
            <file>file:/C:/Users/LENOVO/Documents/NetBeansProjects/praksister/src/praksister/ScanIp.java</file>
            <file>file:/C:/Users/LENOVO/Documents/NetBeansProjects/praksister/src/MODUL2/ReadWriteImage.java</file>
            <file>file:/C:/Users/LENOVO/Documents/NetBeansProjects/praksister/src/MODUL2/CopyFile.java</file>
            <file>file:/C:/Users/LENOVO/Documents/NetBeansProjects/praksister/src/praksister/no4.java</file>
            <file>file:/C:/Users/LENOVO/Documents/NetBeansProjects/praksister/src/praksister/cekMAc.java</file>
            <file>file:/C:/Users/LENOVO/Documents/NetBeansProjects/praksister/src/praksister/no3.java</file>
            <file>file:/C:/Users/LENOVO/Documents/NetBeansProjects/praksister/src/MODUL2/ReadWriteAudio.java</file>
        </group>
    </open-files>
</project-private>
