<?xml version="1.0" encoding="UTF-8"?>
<project-private xmlns="http://www.netbeans.org/ns/project-private/1">
    <editor-bookmarks xmlns="http://www.netbeans.org/ns/editor-bookmarks/2" lastBookmarkId="0"/>
    <open-files xmlns="http://www.netbeans.org/ns/projectui-open-files/2">
        <group>
            <file>file:/F:/SEMESTER%205/PRAK.%20SISTEM%20TERDISTRIBUSI/praksister/src/tugas03/SerializationDemo.java</file>
            <file>file:/F:/SEMESTER%205/PRAK.%20SISTEM%20TERDISTRIBUSI/praksister/src/tugas03/Mahasiswa.java</file>
            <file>file:/F:/SEMESTER%205/PRAK.%20SISTEM%20TERDISTRIBUSI/praksister/src/tugas03/Nomor_02_DataMahasiswa.java</file>
        </group>
    </open-files>
</project-private>
