<?xml version="1.0" encoding="UTF-8"?>
<project-private xmlns="http://www.netbeans.org/ns/project-private/1">
    <editor-bookmarks xmlns="http://www.netbeans.org/ns/editor-bookmarks/2" lastBookmarkId="0"/>
    <open-files xmlns="http://www.netbeans.org/ns/projectui-open-files/2">
        <group>
            <file>file:/F:/SEMESTER%205/PRAK.%20SISTEM%20TERDISTRIBUSI/praksister/src/tugas06/Array_Thread.java</file>
            <file>file:/F:/SEMESTER%205/PRAK.%20SISTEM%20TERDISTRIBUSI/praksister/src/tugas05/AudioServer.java</file>
            <file>file:/F:/SEMESTER%205/PRAK.%20SISTEM%20TERDISTRIBUSI/praksister/src/tugas03/Mahasiswa.java</file>
            <file>file:/F:/SEMESTER%205/PRAK.%20SISTEM%20TERDISTRIBUSI/praksister/src/tugas05/SerializationDemo.java</file>
            <file>file:/F:/SEMESTER%205/PRAK.%20SISTEM%20TERDISTRIBUSI/praksister/src/tugas05/Audio.java</file>
            <file>file:/F:/SEMESTER%205/PRAK.%20SISTEM%20TERDISTRIBUSI/praksister/src/tugas06/cerita.java</file>
            <file>file:/F:/SEMESTER%205/PRAK.%20SISTEM%20TERDISTRIBUSI/praksister/src/tugas04/Client.java</file>
            <file>file:/F:/SEMESTER%205/PRAK.%20SISTEM%20TERDISTRIBUSI/praksister/src/tugas05/Client.java</file>
            <file>file:/F:/SEMESTER%205/PRAK.%20SISTEM%20TERDISTRIBUSI/praksister/src/tugas06/Boolean_Thread.java</file>
            <file>file:/F:/SEMESTER%205/PRAK.%20SISTEM%20TERDISTRIBUSI/praksister/src/tugas05/ImageServer.java</file>
            <file>file:/F:/SEMESTER%205/PRAK.%20SISTEM%20TERDISTRIBUSI/praksister/src/tugas05/Mahasiswa.java</file>
            <file>file:/F:/SEMESTER%205/PRAK.%20SISTEM%20TERDISTRIBUSI/praksister/src/tugas03/SerializationDemo.java</file>
            <file>file:/F:/SEMESTER%205/PRAK.%20SISTEM%20TERDISTRIBUSI/praksister/src/tugas05/Image.java</file>
            <file>file:/F:/SEMESTER%205/PRAK.%20SISTEM%20TERDISTRIBUSI/praksister/src/tugas04/Server.java</file>
            <file>file:/F:/SEMESTER%205/PRAK.%20SISTEM%20TERDISTRIBUSI/praksister/src/tugas06/ServerThread.java</file>
            <file>file:/F:/SEMESTER%205/PRAK.%20SISTEM%20TERDISTRIBUSI/praksister/src/tugas03/Nomor_02_DataMahasiswa.java</file>
            <file>file:/F:/SEMESTER%205/PRAK.%20SISTEM%20TERDISTRIBUSI/praksister/src/tugas05/Server.java</file>
            <file>file:/F:/SEMESTER%205/PRAK.%20SISTEM%20TERDISTRIBUSI/praksister/src/tugas04/Mahasiswa.java</file>
            <file>file:/F:/SEMESTER%205/PRAK.%20SISTEM%20TERDISTRIBUSI/praksister/src/tugas06/ClientThread.java</file>
        </group>
    </open-files>
</project-private>
